,precision,recall,f1-score,support
飞机,1.0,0.0,0.0,51.0
汽车,0.13,1.0,0.23008849557522124,65.0
鸟,1.0,0.0,0.0,43.0
猫,1.0,0.0,0.0,47.0
鹿,1.0,0.0,0.0,50.0
狗,1.0,0.0,0.0,40.0
青蛙,1.0,0.0,0.0,53.0
马,1.0,0.0,0.0,50.0
船,1.0,0.0,0.0,45.0
卡车,1.0,0.0,0.0,56.0
accuracy,0.13,0.13,0.13,0.13
macro avg,0.9129999999999999,0.1,0.023008849557522124,500.0
weighted avg,0.8869,0.13,0.029911504424778763,500.0
